/home/zp9080/Code/DeFiHackLabs/src/test/2017-11/Parity_kill_exp.sol,,,,,,,,,,,,,,,,,,,,
/home/zp9080/Code/DeFiHackLabs/src/test/2020-10/HarvestFinance_exp.sol,0x56de6c4bd906ee0c067a332e64966db8b1e866c7965c044163a503de6ee6552a,,,,,,,,,,,,,,,,,,,
/home/zp9080/Code/DeFiHackLabs/src/test/2020-12/Cover_exp.sol,,,,,,,,,,,,,,,,,,,,
/home/zp9080/Code/DeFiHackLabs/src/test/2021-03/dodo_flashloan_exp.sol,,,,,,,,,,,,,,,,,,,,
/home/zp9080/Code/DeFiHackLabs/src/test/2021-06/88mph_exp.sol,,,,,,,,,,,,,,,,,,,,
/home/zp9080/Code/DeFiHackLabs/src/test/2021-06/SafeDollar_exp.sol,,,,,,,,,,,,,,,,,,,,
/home/zp9080/Code/DeFiHackLabs/src/test/2021-08/Cream_exp.sol,0xfa352d6368bbc643bcf9d528ffaba5dd3e826137bc42f935045c6c227bd4c72a,,,,,,,,,,,,,,,,,,,
/home/zp9080/Code/DeFiHackLabs/src/test/2021-08/XSURGE_exp.sol,,,,,,,,,,,,,,,,,,,,
/home/zp9080/Code/DeFiHackLabs/src/test/2021-09/Nimbus_exp.sol,,,,,,,,,,,,,,,,,,,,
/home/zp9080/Code/DeFiHackLabs/src/test/2021-09/Sushimiso_exp.sol,,,,,,,,,,,,,,,,,,,,
/home/zp9080/Code/DeFiHackLabs/src/test/2021-09/ZABU_exp.sol,,,,,,,,,,,,,,,,,,,,
/home/zp9080/Code/DeFiHackLabs/src/test/2021-11/Mono_exp.sol,,,,,,,,,,,,,,,,,,,,
/home/zp9080/Code/DeFiHackLabs/src/test/2021-12/Visor_exp.sol,,,,,,,,,,,,,,,,,,,,
/home/zp9080/Code/DeFiHackLabs/src/test/2022-01/Qubit_exp.sol,,,,,,,,,,,,,,,,,,,,
/home/zp9080/Code/DeFiHackLabs/src/test/2022-02/BuildF_exp.sol,,,,,,,,,,,,,,,,,,,,
/home/zp9080/Code/DeFiHackLabs/src/test/2022-02/Sandbox_exp.sol,,,,,,,,,,,,,,,,,,,,
/home/zp9080/Code/DeFiHackLabs/src/test/2022-03/Agave_exp.sol,gnosis,,,,,,,,,,,,,,,,,,,
/home/zp9080/Code/DeFiHackLabs/src/test/2022-03/Auctus_exp.sol,,,,,,,,,,,,,,,,,,,,
/home/zp9080/Code/DeFiHackLabs/src/test/2022-03/Bacon_exp.sol,0xb281fc8c12954d22544db45de3159a39272895b169a852b314f9cc762e44c53b,,,,,,,,,,,,,,,,,,,
/home/zp9080/Code/DeFiHackLabs/src/test/2022-03/CompoundTusd_exp.sol,,,,,,,,,,,,,,,,,,,,
/home/zp9080/Code/DeFiHackLabs/src/test/2022-03/Fantasm_exp.sol,,,,,,,,,,,,,,,,,,,,
/home/zp9080/Code/DeFiHackLabs/src/test/2022-03/HundredFinance_exp.sol,gnosis,,,,,,,,,,,,,,,,,,,
/home/zp9080/Code/DeFiHackLabs/src/test/2022-03/LiFi_exp.sol,0x1438ff9dd1cf9c70002c3b3cbec9c4c1b3f9eb02e29bcac90289ab3ba360e605,,,,,,,,,,,,,,,,,,,
/home/zp9080/Code/DeFiHackLabs/src/test/2022-03/OneRing_exp.sol,,,,,,,,,,,,,,,,,,,,
/home/zp9080/Code/DeFiHackLabs/src/test/2022-03/Paraluni_exp.sol,,,,,,,,,,,,,,,,,,,,
/home/zp9080/Code/DeFiHackLabs/src/test/2022-03/RedactedCartel_exp.sol,,,,,,,,,,,,,,,,,,,,
/home/zp9080/Code/DeFiHackLabs/src/test/2022-03/Revest_exp.sol,,,,,,,,,,,,,,,,,,,,
/home/zp9080/Code/DeFiHackLabs/src/test/2022-03/Ronin_exp.sol,,,,,,,,,,,,,,,,,,,,
/home/zp9080/Code/DeFiHackLabs/src/test/2022-03/TreasureDAO_exp.sol,,,,,,,,,,,,,,,,,,,,
/home/zp9080/Code/DeFiHackLabs/src/test/2022-04/Elephant_Money_exp.sol,,,,,,,,,,,,,,,,,,,,
/home/zp9080/Code/DeFiHackLabs/src/test/2022-04/Gym_1_exp.sol,,,,,,,,,,,,,,,,,,,,
/home/zp9080/Code/DeFiHackLabs/src/test/2022-04/Rari_exp.sol,,,,,,,,,,,,,,,,,,,,
/home/zp9080/Code/DeFiHackLabs/src/test/2022-04/Rikkei_exp.sol,,,,,,,,,,,,,,,,,,,,
/home/zp9080/Code/DeFiHackLabs/src/test/2022-04/Saddle_exp.sol,,,,,,,,,,,,,,,,,,,,
/home/zp9080/Code/DeFiHackLabs/src/test/2022-04/Wdoge_exp.sol,,,,,,,,,,,,,,,,,,,,
/home/zp9080/Code/DeFiHackLabs/src/test/2022-04/Zeed_exp.sol,,,,,,,,,,,,,,,,,,,,
/home/zp9080/Code/DeFiHackLabs/src/test/2022-05/FortressLoans_exp.sol,,,,,,,,,,,,,,,,,,,,
/home/zp9080/Code/DeFiHackLabs/src/test/2022-05/HackDao_exp.sol,,,,,,,,,,,,,,,,,,,,
/home/zp9080/Code/DeFiHackLabs/src/test/2022-06/Discover_exp.sol,,,,,,,,,,,,,,,,,,,,
/home/zp9080/Code/DeFiHackLabs/src/test/2022-06/Gym_2_exp.sol,,,,,,,,,,,,,,,,,,,,
/home/zp9080/Code/DeFiHackLabs/src/test/2022-06/InverseFinance_exp.sol,,,,,,,,,,,,,,,,,,,,
/home/zp9080/Code/DeFiHackLabs/src/test/2022-06/Optimism_exp.sol,,,,,,,,,,,,,,,,,,,,
/home/zp9080/Code/DeFiHackLabs/src/test/2022-06/Snood_exp.sol,,,,,,,,,,,,,,,,,,,,
/home/zp9080/Code/DeFiHackLabs/src/test/2022-07/FlippazOne_exp.sol,,,,,,,,,,,,,,,,,,,,
/home/zp9080/Code/DeFiHackLabs/src/test/2022-07/Omni_exp.sol,,,,,,,,,,,,,,,,,,,,
/home/zp9080/Code/DeFiHackLabs/src/test/2022-07/Quixotic_exp.sol,,,,,,,,,,,,,,,,,,,,
/home/zp9080/Code/DeFiHackLabs/src/test/2022-08/ANCH_exp.sol,,,,,,,,,,,,,,,,,,,,
/home/zp9080/Code/DeFiHackLabs/src/test/2022-08/DDC_exp.sol,,,,,,,,,,,,,,,,,,,,
/home/zp9080/Code/DeFiHackLabs/src/test/2022-09/BNB48MEVBot_exp.sol,,,,,,,,,,,,,,,,,,,,
/home/zp9080/Code/DeFiHackLabs/src/test/2022-09/DPC_exp.sol,,,,,,,,,,,,,,,,,,,,
/home/zp9080/Code/DeFiHackLabs/src/test/2022-09/MEVbadc0de_exp.sol,,,,,,,,,,,,,,,,,,,,
/home/zp9080/Code/DeFiHackLabs/src/test/2022-09/RADT_exp.sol,,,,,,,,,,,,,,,,,,,,
/home/zp9080/Code/DeFiHackLabs/src/test/2022-09/Shadowfi_exp.sol,,,,,,,,,,,,,,,,,,,,
/home/zp9080/Code/DeFiHackLabs/src/test/2022-09/THB_exp.sol,,,,,,,,,,,,,,,,,,,,
/home/zp9080/Code/DeFiHackLabs/src/test/2022-09/Yyds_exp.sol,,,,,,,,,,,,,,,,,,,,
/home/zp9080/Code/DeFiHackLabs/src/test/2022-10/INUKO_exp.sol,,,,,,,,,,,,,,,,,,,,
/home/zp9080/Code/DeFiHackLabs/src/test/2022-10/MulticallWithoutCheck_exp.sol,,,,,,,,,,,,,,,,,,,,
/home/zp9080/Code/DeFiHackLabs/src/test/2022-10/RabbyWallet_SwapRouter_exp.sol,0x914c1ae4f03657064f0b1d5ddc6e06f39e82bce6fb2f726efdca52c092fbfc26,0xa02c180149ce03d1b6e3d412585000b968b7db59a277717ec51d0899c1a3c017,0x914c1ae4f03657064f0b1d5ddc6e06f39e82bce6fb2f726efdca52c092fbfc26,0xf1c1066c259672396b8f242311a9f1c83bfa52c27529d713d80a3da93047c37f,0x53835af1b7df33435188d2380328b81c0e8a22b01353c76e3dac352275895b45,0x322592750691798488006a26aa042b55ab9d7637f9b0adc42089a4c480e51870,0xce0935010baf445e300d4d600caac7fc1fecb5ccb092cdbef57904aa7e5408b2,0x366df0c20e00666749b16ae00475b3c41834dc659ebb29e059aa9bffa892c038,0x9fac5412eb42aab07dcb2c5fbb03669aaa98d9c57849d44d8291d3156d9f4871,0xff1f352912666796d5cd51b5dfa3e6319544aeb5938e1e9f310fd5fcb02be6da,0x84156ea5360b679dfa7cdda80c16aafbfdf1ba20b84bcf76f79666f0c405b86f,0xc10ec615e2d18c8a7dad2bb2418c422472565d9622ed851298fc848c3a451387,0x7cefbfd14497b1c577423d94ea521615991eee2590fab980230d9dd1d80ccf1c,0x8bcac5e570aa695b5e0ce7dd58766eaa5830f44bbef5008aef63c6efb036e717,0xb3af75f703ddc5d15ff872585b7d970c5204b90399a5859ec39e736a2ffbf375,0x708ffcf4a76bd159056afb17ce6c5f5adcb5899e465bbf038aae79c3cef666ae,0xca53e107a9a21d8f431614570a98c4718cca7172415e3fbed8842d426ac3ab54,0x5bbab18059f8c3fec56a0ddcd15feddf7cda8b8007b254436956db1d9ffe72ec,0x6899b8caee16dbd75359cabcd24e32b2362c474cdf39ea810cf4386018761beb,0x07887fffc4488354d813fdcca5da0586dd6f9a3da36d503af768302eacbeec41
/home/zp9080/Code/DeFiHackLabs/src/test/2022-10/RL_exp.sol,0xe15d261403612571edf8ea8be78458b88989cf1877f0b51af9159a76b74cb466,bsc,,,,,,,,,,,,,,,,,,
/home/zp9080/Code/DeFiHackLabs/src/test/2022-12/Overnight_exp.sol,,,,,,,,,,,,,,,,,,,,
/home/zp9080/Code/DeFiHackLabs/src/test/2023-03/poolz_exp.sol,,,,,,,,,,,,,,,,,,,,
/home/zp9080/Code/DeFiHackLabs/src/test/2023-03/safeMoon_exp.sol,,,,,,,,,,,,,,,,,,,,
/home/zp9080/Code/DeFiHackLabs/src/test/2023-04/silo_finance_exp.sol,,,,,,,,,,,,,,,,,,,,
/home/zp9080/Code/DeFiHackLabs/src/test/2023-04/Swapos_exp.sol,,,,,,,,,,,,,,,,,,,,
/home/zp9080/Code/DeFiHackLabs/src/test/2023-05/FAPEN_exp.sol,,,,,,,,,,,,,,,,,,,,
/home/zp9080/Code/DeFiHackLabs/src/test/2023-05/NOON_exp.sol,,,,,,,,,,,,,,,,,,,,
/home/zp9080/Code/DeFiHackLabs/src/test/2024-01/LQDX_alert_exp.sol,,,,,,,,,,,,,,,,,,,,
/home/zp9080/Code/DeFiHackLabs/src/test/2024-02/EGGX_exp.sol,,,,,,,,,,,,,,,,,,,,
/home/zp9080/Code/DeFiHackLabs/src/test/2024-06/Bazaar_exp.sol,0x7fdd140f7631f62d62f7256ee4a38af51a4723ad5d66adc9b9685bf78f750f2d,0xdc4a9779d6084c1ab3e815b67ed5e6780ccf4d90000200000000000000000001,,,,,,,,,,,,,,,,,,
/home/zp9080/Code/DeFiHackLabs/src/test/2024-07/Minterest_exp.sol,mantle,,,,,,,,,,,,,,,,,,,
Ast_exp.sol,,,,,,,,,,,,,,,,,,,,
ATM_exp.sol,,,,,,,,,,,,,,,,,,,,
basetest.sol,,,,,,,,,,,,,,,,,,,,
DualPools_exp.sol,,,,,,,,,,,,,,,,,,,,
FullMath.sol,,,,,,,,,,,,,,,,,,,,
IBasePositionManager.sol,,,,,,,,,,,,,,,,,,,,
IBasePositionManagerEvents.sol,,,,,,,,,,,,,,,,,,,,
IERC165.sol,,,,,,,,,,,,,,,,,,,,
IERC20.sol,,,,,,,,,,,,,,,,,,,,
IERC721.sol,,,,,,,,,,,,,,,,,,,,
IERC721Enumerable.sol,,,,,,,,,,,,,,,,,,,,
IERC721Metadata.sol,,,,,,,,,,,,,,,,,,,,
IERC721Permit.sol,,,,,,,,,,,,,,,,,,,,
IFactory.sol,,,,,,,,,,,,,,,,,,,,
interface.sol,,,,,,,,,,,,,,,,,,,,
IPool.sol,,,,,,,,,,,,,,,,,,,,
IPoolActions.sol,,,,,,,,,,,,,,,,,,,,
IPoolEvents.sol,,,,,,,,,,,,,,,,,,,,
IPoolOracle.sol,,,,,,,,,,,,,,,,,,,,
IPoolStorage.sol,,,,,,,,,,,,,,,,,,,,
IRouterTokenHelper.sol,,,,,,,,,,,,,,,,,,,,
Kub_Split_exp.sol,,,,,,,,,,,,,,,,,,,,
MathConstants.sol,,,,,,,,,,,,,,,,,,,,
Meter_exp.sol,,,,,,,,,,,,,,,,,,,,
NCD_exp.sol,,,,,,,,,,,,,,,,,,,,
PolterFinance_exploit.sol,,,,,,,,,,,,,,,,,,,,
QtyDeltaMath.sol,,,,,,,,,,,,,,,,,,,,
ReaperFarm_exp.sol,,,,,,,,,,,,,,,,,,,,
SafeCast.sol,,,,,,,,,,,,,,,,,,,,
SSS_exp.sol,,,,,,,,,,,,,,,,,,,,
TickMath.sol,,,,,,,,,,,,,,,,,,,,
tokenhelper.sol,,,,,,,,,,,,,,,,,,,,
,,,,,,,,,,,,,,,,,,,,
